<?xml version="1.0" encoding="UTF-8"?>
<project-private xmlns="http://www.netbeans.org/ns/project-private/1">
    <editor-bookmarks xmlns="http://www.netbeans.org/ns/editor-bookmarks/2" lastBookmarkId="0"/>
    <open-files xmlns="http://www.netbeans.org/ns/projectui-open-files/2">
        <group>
            <file>file:/C:/xampp/htdocs/JSON_Survey/GetFormJSON/displaySurvey.html</file>
            <file>file:/C:/xampp/htdocs/JSON_Survey/GetFormJSON/Survey.js</file>
            <file>file:/C:/xampp/htdocs/JSON_Survey/GetFormJSON/getSurveyForm.html</file>
            <file>file:/C:/xampp/htdocs/JSON_Survey/GetFormJSON/addQuestionToSurveyForm.html</file>
            <file>file:/C:/xampp/htdocs/JSON_Survey/GetFormJSON/Question.js</file>
            <file>file:/C:/xampp/htdocs/JSON_Survey/GetFormJSON/createSurvey.html</file>
            <file>file:/C:/xampp/htdocs/JSON_Survey/GetFormJSON/addQuestionToSurvey.html</file>
        </group>
    </open-files>
</project-private>
