<?xml version="1.0" encoding="UTF-8"?>
<project-private xmlns="http://www.netbeans.org/ns/project-private/1">
    <editor-bookmarks xmlns="http://www.netbeans.org/ns/editor-bookmarks/2" lastBookmarkId="0"/>
    <open-files xmlns="http://www.netbeans.org/ns/projectui-open-files/2">
        <group>
            <file>file:/C:/xampp/htdocs/Survey_engine/view_survey.php</file>
            <file>file:/C:/xampp/htdocs/Survey_engine/home.php</file>
            <file>file:/C:/xampp/htdocs/Survey_engine/update_response.php</file>
            <file>file:/C:/xampp/htdocs/Survey_engine/loggedin.php</file>
            <file>file:/C:/xampp/htdocs/Survey_engine/survey_form.php</file>
        </group>
    </open-files>
</project-private>
