<?xml version="1.0" encoding="UTF-8"?>
<project-private xmlns="http://www.netbeans.org/ns/project-private/1">
    <editor-bookmarks xmlns="http://www.netbeans.org/ns/editor-bookmarks/2" lastBookmarkId="0"/>
    <open-files xmlns="http://www.netbeans.org/ns/projectui-open-files/2">
        <group>
            <file>file:/C:/xampp/htdocs/ShopLog/Shop/admin/edit_user.php</file>
            <file>file:/C:/xampp/htdocs/ShopLog/Shop/includes/login_page.inc.php</file>
            <file>file:/C:/xampp/htdocs/ShopLog/Shop/add_cart.php</file>
            <file>file:/C:/xampp/htdocs/ShopLog/Shop/admin/admin_index.php</file>
            <file>file:/C:/xampp/htdocs/ShopLog/Shop/admin/delete_product.php</file>
            <file>file:/C:/xampp/htdocs/ShopLog/Shop/includes/login_functions.inc.php</file>
            <file>file:/C:/xampp/htdocs/ShopLog/Shop/checkout.php</file>
            <file>file:/C:/xampp/htdocs/ShopLog/Shop/admin/add_product.php</file>
            <file>file:/C:/xampp/htdocs/ShopLog/Shop/user/browse_products.php</file>
            <file>file:/C:/xampp/htdocs/ShopLog/Shop/includes/admin_header.html</file>
            <file>file:/C:/xampp/htdocs/ShopLog/Shop/admin/add_print.php</file>
            <file>file:/C:/xampp/htdocs/ShopLog/Shop/Home.php</file>
            <file>file:/C:/xampp/htdocs/ShopLog/Shop/admin/register.php</file>
            <file>file:/C:/xampp/htdocs/ShopLog/Shop/admin/logout.php</file>
            <file>file:/C:/xampp/htdocs/ShopLog/Shop/admin/delete_user.php</file>
            <file>file:/C:/xampp/htdocs/ShopLog/Shop/admin/login.php</file>
            <file>file:/C:/xampp/htdocs/ShopLog/Shop/view_print.php</file>
            <file>file:/C:/xampp/htdocs/ShopLog/Shop/show_image.php</file>
            <file>file:/C:/xampp/htdocs/ShopLog/Shop/admin/loggedin.php</file>
            <file>file:/C:/xampp/htdocs/ShopLog/Shop/admin/password.php</file>
            <file>file:/C:/xampp/htdocs/ShopLog/Shop/admin/admin_browse_products.php</file>
            <file>file:/C:/xampp/htdocs/ShopLog/Shop/includes/tccFooter.html</file>
            <file>file:/C:/xampp/htdocs/ShopLog/Shop/browse_prints.php</file>
            <file>file:/C:/xampp/htdocs/ShopLog/Shop/admin/view_users.php</file>
            <file>file:/C:/xampp/htdocs/ShopLog/Shop/admin/add_department.php</file>
        </group>
    </open-files>
</project-private>
