<?xml version="1.0" encoding="UTF-8"?>
<project-private xmlns="http://www.netbeans.org/ns/project-private/1">
    <editor-bookmarks xmlns="http://www.netbeans.org/ns/editor-bookmarks/2" lastBookmarkId="0"/>
    <open-files xmlns="http://www.netbeans.org/ns/projectui-open-files/2">
        <group>
            <file>file:/C:/xampp/htdocs/Tictactoe/WorstTicTacToeEverrrrrrrrrrrrr.html</file>
            <file>file:/C:/xampp/htdocs/Tictactoe/Controller.js</file>
            <file>file:/C:/xampp/htdocs/Tictactoe/View.js</file>
            <file>file:/C:/xampp/htdocs/Tictactoe/Model.js</file>
            <file>file:/C:/xampp/htdocs/Tictactoe/HandlersInit.js</file>
        </group>
    </open-files>
</project-private>
